car_make,car_model,year_release,VIN,price
Porsche,924 S,1987,JH4CU2F64CC032685,65768
Mercedes-Benz,S-Class,1995,4T3BA3BB6DU960544,19710
Mercedes-Benz,SL-Class,1984,WA1BV74LX7D854580,41032
Toyota,Tacoma,2003,WAUCFAFR1EA184306,16965
Mercury,Mountaineer,2003,2FMDK3AKXBB302208,56051
Hyundai,Accent,1998,NM0KS9BN4DT141896,79613
Saab,9-3,2011,1D7RB1CP4BS713254,71643
Mitsubishi,Truck,1994,JH4CW2H55BC221424,31246
Lexus,LX,2010,KL4CJASB4DB638108,43404
Saturn,Astra,2009,JTEBU5JRXC5154175,16755
Lotus,Exige,2010,2G61S5S37F9101525,20599
Cadillac,Escalade,2009,KNADH4A38A6119243,75116
Jeep,Wrangler,1999,1C6RD6NT1CS138194,40795
Chevrolet,Corvette,1962,1G6DF5EG0A0370548,42106
GMC,Savana 3500,2001,WD3PE7DC4F5649383,43151
Ford,Mustang,1989,1FTSW2A56AE128614,33013
Dodge,D150,1992,2T1KU4EEXCC527448,57120
Lincoln,LS,2002,WAUWG94F59N266166,19254
Nissan,Armada,2005,WAUHF78PX6A335827,48272
Subaru,Loyale,1994,5N1AR2MM4DC084794,19867
Oldsmobile,Bravada,1992,WA1VMBFE5ED502344,25062
Buick,Riviera,1985,1FTMF1E87AF787349,45618
Porsche,Cayenne,2005,2C3CDYAG9DH369473,46183
Dodge,Viper,1994,19UUA8F23EA933903,73998
Mazda,RX-7,1994,WA1CMAFE9DD321327,63561
Mercedes-Benz,CLK-Class,2009,KNAFT4A26C5104960,58330
Subaru,Justy,1987,1G6AR5S39F0051359,31528
MINI,Cooper,2012,JA32X8HW0AU278126,51123
Audi,A3,2009,WAUUL78E48A088541,52528
Mazda,Mazdaspeed6,2007,SCBET9ZA0F8188304,10742
Chrysler,Town & Country,2004,1FTEX1C86AF009273,13059
Volkswagen,rio,2001,4T1BF1FK5EU499301,23822
BMW,5 Series,2010,5TFBW5F11DX131987,49545
Lincoln,LS,2002,KL4CJGSB1EB200120,21654
Toyota,Celica,2003,3VWJX7AJ4AM532346,77413
Mercedes-Benz,E-Class,1999,WAU3MAFD5FN545251,69519
GMC,1500 Club Coupe,1992,TRUWT28N521285102,61889
Ford,Explorer,1991,JH4KB166X8C623929,73391
Dodge,Dakota,2000,WAUGFBFC2EN527779,47542
Chevrolet,Express 2500,1999,1C3CDFAA4FD049154,22518
Chrysler,Town & Country,2003,YV4902BZ0E1659550,76100
Nissan,Titan,2011,2T1KU4EE4BC935085,40194
Volkswagen,GTI,1985,JTHBL5EF4B5886628,71117
Toyota,Truck Xtracab SR5,1989,WAUAG78E56A536127,22907
Subaru,Outback,2008,1FTSE3EL7AD022244,20768
Dodge,Charger,2009,1FTMF1E86AK153604,38443
Buick,Century,2003,WAUED64B01N264328,42900
Chevrolet,Silverado 3500,2002,1G4PP5SK1D4642064,49249
Dodge,Neon,1999,1G6AB5S36F0446832,14162
Mercedes-Benz,M-Class,2003,1G4HC5EM3AU324309,70718
Suzuki,Equator,2009,WBAVB73598V657312,12894
Alfa Romeo,164,1992,3N1CE2CP9FL065883,37383
Buick,Coachbuilder,1994,JH4DC53833S827618,29397
Mitsubishi,3000GT,1994,19UUA8F50CA044192,57447
Plymouth,Horizon,1978,KM8JT3AB4BU260986,54485
Mitsubishi,Mirage,1989,1G6AB1R33F0970633,69795
Pontiac,Sunfire,2002,2C4RDGAG5CR351710,74786
Acura,RDX,2009,TRUSC28N731255633,68859
Volvo,V50,2005,JN1CV6AP7BM010262,20359
Geo,Tracker,1994,JTEBU5JR4E5486115,75799
Ford,F150,2001,5TDBM5G17BS159817,12247
GMC,Yukon Denali,2006,JTEBC3EH0C2341774,27985
Dodge,Ram 1500 Club,1997,1G4HJ5EM8AU487298,49259
Dodge,Sprinter,2009,WBA3A5G58EN446722,37247
Lexus,SC,2003,1G6DP5E37D0714603,14382
Honda,Civic,1996,JTDKN3DU0F0673064,13221
Honda,Accord,2012,1GD022CG0CZ141340,52787
Ford,E350,2010,WAUVT68E34A865929,20739
Buick,Riviera,1996,WAUUL78E45A240460,76321
Lotus,Esprit,2003,1G6DA8EY7B0372937,17804
Isuzu,Rodeo,1997,WA1AGAFE3CD932080,75375
Suzuki,Reno,2007,1G6AJ5SXXE0064677,45367
Cadillac,Escalade,2003,1G6KE57Y34U762744,29268
Nissan,350Z,2007,3GYFNAE36FS464636,60620
Land Rover,Sterling,1991,3VWML7AJ1DM612796,68670
Honda,Accord,1991,19VDE3F76EE438148,21276
Dodge,Ramcharger,1992,WAUJC68E13A025791,71812
Chevrolet,2500,1994,SAJWA2EK0EM477185,17659
Toyota,Corolla,2010,5LMJJ2H54AE430690,53235
Maserati,Quattroporte,2005,19UYA42752A830389,51504
Lexus,LX,1999,WBAYP1C5XED554980,59067
Chevrolet,Caprice Classic,1993,1G6AH5S31D0093623,36317
Volkswagen,rio,1997,WAULC68E63A446236,79945
GMC,Savana 1500,2008,1N6AA0EC9FN089970,76596
Ford,Probe,1997,5UXFH0C53BL534393,74963
Volkswagen,Golf,2006,WAUEG78E06A818001,36777
Aston Martin,DB9,2006,1C3BCBEB5EN437190,27452
Porsche,Boxster,2002,1G6DL8E39D0881574,19894
Oldsmobile,Silhouette,2000,1N6AF0KY6FN019909,29974
Toyota,Ipsum,2000,1G6DC1E31D0791228,42143
Ford,Flex,2013,4A37L2EF9AE216297,43280
Ford,Mustang,2000,4T1BF3EK7BU957588,29494
Lexus,IS-F,2012,JA32U2FU8DU681959,32336
Dodge,Durango,2008,1G4GD5GR5CF135136,57727
Mercedes-Benz,C-Class,2000,2T1BURHE5FC494162,53466
Buick,Rendezvous,2004,1FTEW1CW0AF414868,68422
BMW,X3,2004,1GYUKAEF0AR215187,48674
Mitsubishi,Eclipse,2004,WAUCVAFR6AA546546,35180
Mitsubishi,Diamante,2002,1N6AA0CA7DN883901,64720
Dodge,Ram Van B150,1994,WBAYP1C54FD755100,39383
Mitsubishi,Eclipse,1995,WBSKG9C54DJ801961,24214
Chevrolet,Suburban 1500,2005,1N4AB7AP0EN065286,48340
Audi,A6,2010,1N6AA0EK2FN455324,18453
Toyota,Highlander,2012,YV4902DZ1C2223696,29484
Chevrolet,Express 1500,2005,1G6DS1EDXB0171521,56199
Acura,RL,2007,1G6KD57Y91U860563,40851
Chrysler,Town & Country,1997,JN8AZ1FY8CW212017,42941
Land Rover,Discovery,2002,WAUJF78K99N479291,34702
Toyota,Tacoma,2006,WAUGL98E68A742724,11796
Dodge,Aspen,1976,1J4AA2D16AL474870,77561
Ford,Mustang,1997,3C6JD7DP1CG652190,63965
Mitsubishi,Endeavor,2011,WAULD54B33N744772,56200
Bentley,Arnage,2005,3N1AB7AP1FY922183,15216
Mazda,Millenia,1995,JHMGE8G2XAC723276,66910
Volvo,XC90,2010,WBAWL1C52AP060141,37145
Chevrolet,Suburban 1500,2002,3C63D3NL1CG650355,56081
Honda,Odyssey,2011,WAULC68E14A574918,39339
BMW,Z4 M,2008,VNKKTUD30FA702938,45269
Mercedes-Benz,SLS-Class,2011,JH4CL96815C667329,26507
Hyundai,Excel,1993,19UUA56781A013009,40605
BMW,745,2003,1N4AL2AP0BN122274,52914
Volvo,V70,2007,19VDE3F3XEE189317,17439
Lincoln,LS,2004,KNAGM4AD9E5476122,49013
Ford,Probe,1990,YV4852CZ1A1282216,47247
Chevrolet,Express 3500,2005,3VWML7AJXCM335046,59735
Toyota,Tacoma,2002,5NPDH4AE4CH555147,45327
Plymouth,Voyager,2000,WAUKH98E76A482794,17797
Toyota,FJ Cruiser,2012,1N6AF0KX1FN661980,55607
Ford,Mustang,2005,5FRYD3H41GB047404,39192
Jeep,Grand Cherokee,1994,JTEBU5JR2F5114726,13207
Chevrolet,Suburban 2500,2002,KM8JT3AC0AU905088,54120
Lexus,SC,2003,5N1AR1NB3CC530102,60534
GMC,Sonoma,2001,5NPEB4AC2CH206427,10415
Toyota,Sequoia,2006,WUAGNAFG9BN173650,26033
Toyota,Sienna,2007,WBA3B9C5XEJ647720,46869
Mercedes-Benz,E-Class,1988,WBXPC93407W084209,52884
Chevrolet,Suburban 1500,2010,WBA3B5C54DJ696516,66217
Pontiac,Grand Am,2001,1C4NJCBA9FD722529,22466
Mazda,MPV,1991,WAUFEAFM6DA964885,59434
Nissan,Altima,1997,SCFAD01E79G828023,76220
Saab,9-3,2002,3N1BC1AP8AL366720,38304
Nissan,Pathfinder,2008,3N1CE2CP6FL753470,65083
Dodge,Intrepid,1994,5XYKT3A10CG270532,58733
Volvo,V70,2006,WBAXA5C50ED295341,79928
Mercedes-Benz,R-Class,2006,3GYT4NEF6CG653051,17609
Buick,Century,1992,SCFEBBBK4DG368027,28857
Pontiac,1000,1986,WAUBH78EX8A011973,49134
Bentley,Continental Super,2011,2G4WC582471065786,58606
Lexus,LS,2010,3D73Y3CL4BG676260,46875
Toyota,Sequoia,2002,1FTEW1C88AK735551,52037
Chevrolet,Colorado,2006,1G6DT57V390974918,62417
Mitsubishi,Tredia,1984,1GYS3JEF2CR008288,42748
Buick,Somerset,1986,3D73M3HL6BG171700,51924
Subaru,B9 Tribeca,2007,WAUZL54B41N709443,60945
Honda,Accord,2010,1N6AA0CH6FN948270,72480
Honda,Odyssey,1996,5TDBCRFH3FS706466,37225
Chrysler,Fifth Ave,1992,WAUXU64B72N414588,45598
Mitsubishi,Mirage,1984,WA19FAFL7DA804738,58137
Mazda,MX-5,1997,1D7RB1GK9BS607655,75997
Porsche,928,1989,5UXFG2C51E0005514,16212
Audi,Cabriolet,1997,WAUDG74F39N342771,66667
Ford,E250,2012,1N4AL3AP7EC038166,33451
Bentley,Continental GT,2010,2C3CCAEG0DH931507,54230
Infiniti,FX,2006,KMHGH4JF6BU216685,14107
GMC,Sierra 3500,2009,YV1852AR8A1564398,37868
Chevrolet,Lumina,1996,YV1672MK9A2229533,20120
GMC,Acadia,2009,WBAKF3C58BE798489,71458
Cadillac,Escalade ESV,2003,WP0AA2A91CS680686,48540
Mazda,Mazda6,2013,JH4NA21663T313301,57199
GMC,Vandura 3500,1992,3D7LT2ET9BG391723,52402
Ford,Expedition,2008,5FRYD4H21GB543114,55154
Volkswagen,Eurovan,2003,YV126MFC5F1452510,44857
Dodge,Dakota,1995,3D7JB1EP9AG083554,36811
Lexus,SC,1994,5LMJJ3H51BE928398,38569
Mercury,Cougar,1984,SAJWA4DC6EM287560,51397
BMW,Z4,2011,5TDBY5G11FS906922,43292
Lincoln,Mark VII,1984,WAUNF98P37A061399,47539
Chrysler,LeBaron,1992,JN1CV6FEXAM208372,34811
Volkswagen,CC,2010,SCBGH3ZA0EC757686,23797
Toyota,Tacoma,2012,TRUUT28N611792631,55771
Cadillac,Catera,2001,3GYT4NEF2DG487418,51286
GMC,3500,1999,1G6AB5RX0E0846280,26735
Ford,Five Hundred,2005,1C4RDJDG5DC107297,47080
Buick,Reatta,1988,4JGDF2EE1DA854801,57832
Chrysler,Fifth Ave,1992,3D4PG4FB4AT992905,50253
Honda,Civic,2001,WA1YL54B25N188897,49878
Toyota,Sequoia,2009,4JGBB2FB3AA480775,16541
Hyundai,Sonata,2003,WVGAV3AXXEW187072,51377
Oldsmobile,88,1993,WBALZ5C55CD751080,43838
Shelby,GT350,1969,KMHFH4JG2EA603177,45468
GMC,Sierra 2500,2009,2G4GR5ER0D9287890,12032
Plymouth,Grand Voyager,1998,3VWJP7AT0CM740146,48644
Lexus,LX,1998,WBSDX9C58DJ590885,59989
Nissan,Armada,2011,4T1BF1FK8EU111381,33211
Ford,Bronco II,1988,5BZBF0AA2FN829260,33344
Pontiac,Grand Prix,1962,JH4KB2F60CC473649,11217
Jeep,Wrangler,2002,WBAET374X2N468778,71353
Dodge,Avenger,1999,3C63D2EL8CG637726,28494
GMC,Vandura 2500,1994,WAU3GAFC3DN988686,22141
Acura,TSX,2007,1G6KY54942U823634,17079
BMW,8 Series,1995,1FMJK1G53BE449886,47392
Lincoln,Continental Mark VII,1988,JN1CV6EK7DM250560,21969
BMW,645,2005,1VWAH7A33DC722840,60965
Toyota,Prius Plug-in,2012,WDDHF5GB3AA574440,69658
Mercury,Grand Marquis,2004,1G6DM56T850863918,22732
Jeep,Grand Cherokee,2010,19XFA1F26AE007260,56978
Chevrolet,Sportvan G30,1994,3D73Y3CL2AG739032,23168
BMW,Z4 M,2008,1G6DA8E50D0969307,14624
Mazda,Protege,2001,JN1BJ0HP7EM441201,70722
Toyota,Tercel,1996,1G6DG8EYXB0621679,66644
Pontiac,Grand Prix,1988,5XYZT3LB5EG118690,27596
Pontiac,Grand Prix,1993,1N6AA0CH5DN929237,41716
Nissan,Titan,2004,WBA3X9C52FD470999,18392
Toyota,Prius,2011,WAUDF58E05A799659,29122
Lincoln,MKT,2011,WVWED7AJ0CW776351,69391
Nissan,350Z Roadster,2006,2C3CA4CD9AH539847,48600
Daewoo,Lanos,1999,WAUEH78E28A335254,62989
Maybach,57,2009,5UXZW0C59BL100479,77411
Acura,NSX,1999,1GYUKFEJ3AR144360,63420
Audi,Q7,2009,WBAKF9C51CE400298,14620
Chrysler,Sebring,2006,1G4GD5ER6CF993427,17304
Dodge,Ram 2500,2005,WA1LMBFE5BD074052,57362
Land Rover,LR2,2009,1GD11ZCG1DF456439,55080
Lamborghini,Countach,1990,JN1CV6FE9DM215690,43622
Jaguar,XK,2011,1GYS4CKJXFR252969,48078
Oldsmobile,Bravada,1994,1FTMF1E85AK658324,33077
Mercedes-Benz,CL-Class,2000,JN8AF5MR7BT493805,40193
Mitsubishi,Eclipse,1993,1G6AE5S35D0492611,42169
Dodge,Nitro,2011,3D73Y4HL1AG476479,56346
Lotus,Exige,2004,5N1AR2MM9EC145431,68086
Toyota,Camry,1997,WBAVD53558A202057,45640
Ford,Excursion,2001,3C63DRHL0CG668067,68618
Porsche,911,1999,1FMHK7B85CG905959,52046
Chevrolet,Corvette,1968,3GYFNBE39ES226154,64082
Chevrolet,Express 3500,1997,WBAWR33568P506070,20846
Suzuki,Daewoo Magnus,2005,WAUAC48H24K132990,36849
Dodge,D350,1993,1FTEX1EW1AF801066,20175
Isuzu,Hombre,1999,JH4NA216X4S830950,24324
Cadillac,DeVille,2004,JTEBU4BF0EK462703,27815
Honda,Fit,2010,WAUSF98K39N427395,45979
Audi,90,1991,JH4KA965X3C054050,33966
Buick,LeSabre,2004,WBAWR33597P649867,30648
Ford,Edge,2010,2C3CDZBG7FH089574,77694
Audi,S4,2000,1C3ADEBZ0DV666886,22984
Lamborghini,Murci√©lago,2005,3VW467ATXDM098472,69282
Plymouth,Grand Voyager,1994,5UXFE4C53AL195391,66691
Subaru,Justy,1988,1FTWX3D56AE363837,22790
Pontiac,Grand Am,2003,JH4CU4F66CC066977,49730
Lincoln,Mark VIII,1996,2D4RN5DG5BR086589,62852
Chevrolet,Cobalt,2010,WAUXF98K49A475405,35878
Suzuki,Reno,2006,1G6DF5EG2A0439238,57693
Volkswagen,rio,1997,WBANA53575B365453,17949
Saturn,Outlook,2008,1C4RDJAGXCC364569,64819
Honda,CR-V,2010,WVGAV7AX5AW039770,20772
Ford,Aerostar,1992,3D7TT2CTXAG456872,65817
Lotus,Evora,2010,WAUJC58E23A180120,76711
Pontiac,Montana SV6,2005,3VW4T7ATXDM704331,47666
Plymouth,Laser,1991,SCBGH3ZA8EC058466,79747
GMC,Savana 1500,2007,1GD022CGXCZ610627,41793
Jeep,Compass,2011,1FTSW3B53AE166550,28487
Mitsubishi,Precis,1993,SAJWA4FB3EL971346,38754
Oldsmobile,98,1993,2C4RDGEG8ER846948,65469
Ford,Aspire,1997,JN1CV6EK2BM940794,48745
Saab,9-3,2002,4T1BF1FK1EU102022,55369
Ford,Focus,2004,5J8TB3H37FL310114,35255
Chevrolet,Express 3500,1999,1G6AZ5S33F0970693,46034
Mitsubishi,Pajero,1995,WA1VMAFE6BD299325,76119
Lincoln,LS,2005,1C6RD7JTXCS923874,59344
Porsche,928,1994,JA4AS3AW3DU922743,59930
Pontiac,Grand Prix,1980,WAUTFAFH8AN936495,38821
Mercury,Milan,2010,WAUJC58E32A500074,64348
Ford,Econoline E250,1997,1GYS4CEF4ER898403,38980
Kia,Sedona,2002,WVGEF9BP2FD209949,70494
Subaru,Legacy,1993,WAUBT48H35K136679,10455
Eagle,Talon,1990,1FTSW2B51AE998110,71671
Hyundai,Genesis Coupe,2010,JHMZE2H59DS487566,50558
Toyota,Tacoma,2008,2CTALMEC6B6603071,30705
Mercedes-Benz,400E,1992,5N1AN0NU5AC181366,54228
Daewoo,Leganza,1999,WAULT64B93N391673,42313
Acura,RL,2005,JTHFF2C22F2923190,16411
Ford,Econoline E350,2001,W04GP5ECXB1308374,33600
Audi,A4,2004,WAUDF78E77A574783,16775
Volvo,V70,1998,WAUGGBFC6DN898228,30214
Ford,F-Series,2007,JTEBC3EH1D2584737,63823
Land Rover,Range Rover,2008,1FADP5CU3EL960174,41812
Dodge,Neon,1996,5J6TF2H57FL649495,36307
Chevrolet,Colorado,2008,2G4WF521131166432,69754
BMW,Z3,2001,1G4GC5EG3AF212183,30113
Audi,A8,2001,WBALL5C52FP400051,28158
Audi,100,1992,1G6DJ577X80683385,13431
Dodge,Ram Van B250,1992,WA1WMAFP7EA987930,70610
Mercedes-Benz,400E,1992,WBAEA5C52AC243118,63768
Chevrolet,Venture,1997,WVWED7AJ5BW066473,50774
Oldsmobile,Achieva,1998,3D73M4CL2BG145737,60570
Mercury,Grand Marquis,2006,WBAEA5C53AC238221,46993
Lexus,ES,1991,2T1KE4EE5DC030029,36986
Mitsubishi,Truck,1995,YV140MEA0F1478328,58875
Audi,RS 4,2008,1G6DD1E36E0995067,45800
Dodge,Neon,1996,3GYVKNEF5AG093518,69334
Mitsubishi,Pajero,1987,3VWJP7AT9CM497078,46362
Suzuki,Grand Vitara,2000,YV1902MC8F1889859,22341
Kia,Rio,2005,1FT7W2A62EE760210,58484
Lincoln,LS,2000,WBAEP33472P760645,71409
Ford,Flex,2010,JH4NA21695S788112,46567
Toyota,Tundra,2004,JTMHY7AJ0F4657510,74065
Nissan,Frontier,2002,4USBT33483L147003,27888
Buick,Regal,2004,2C3CDXEJ6DH976673,79996
Ford,Econoline E150,1995,5N1AT2MK6FC002647,33327
Pontiac,LeMans,1967,19XFB4F26FE389134,10813
Mercedes-Benz,300SE,1992,JN8AF5MR6FT822256,42184
Chevrolet,Corvette,1956,WA1GFCFS7FR805127,35659
Aston Martin,DB9,2012,WUAUUAFG5BN308063,50643
Saturn,S-Series,1993,1G6KY54983U499802,14092
Chevrolet,Equinox,2007,5N1BA0ND9FN842067,10103
Honda,Ridgeline,2006,WAUBF78E17A874925,30074
Chevrolet,Corsica,1996,1LNHL9DR5BG807840,35313
Chevrolet,Suburban,2010,1G4GE5GD9BF905922,57562
Toyota,Corolla,1999,5N1AT2ML8FC990118,15569
Audi,80,1991,WBAVB33516P941995,54340
Suzuki,Aerio,2006,JTJBJRBZ4F2217163,70728
Honda,Accord,2010,WBA6A0C52DD448881,10836
Nissan,240SX,1996,WAUSF98K99A668174,78618
Saab,9-3,2009,WP0AA2A98DS871796,62823
Chevrolet,Caprice Classic,1996,JN8AZ2ND9F9193274,13607
Ford,Crown Victoria,2005,WA1CM74L49D801920,56911
Mercedes-Benz,M-Class,2011,WAUEV94F08N449510,12728
Mazda,MX-5,2001,WA1EV74L88D920039,50993
Volkswagen,Jetta,1991,1D4PT4GK5BW358198,13207
Kia,Optima,2002,W04GT5GC7B1052655,31965
Subaru,Outback,2003,YV1952ASXE1713682,53977
Lexus,GX,2004,WDDGF5EB1AA643835,67232
Dodge,Ram 3500 Club,1996,WAUEFBFL2AN023850,79441
Toyota,Camry,2010,JHMZF1C67CS345917,44896
BMW,3 Series,2006,WBA3F9C56FK920281,43317
Honda,Civic,1994,1G6DG577X90355450,61179
Isuzu,Hombre Space,1997,1N6AA0CA2DN989494,58878
Chevrolet,Tahoe,2010,WBA4B3C51FD803905,24881
Ford,F350,2009,3N1CN7AP3EL652773,10761
Plymouth,Acclaim,1993,4T1BF1FK9FU929168,56017
Dodge,Dakota Club,2007,WVGEP9BP7FD139197,57757
Lexus,RX Hybrid,2010,1G6DK8EG3A0908026,25420
Dodge,Colt,1993,1N6AA0EJ5FN296760,35098
Mitsubishi,Pajero,1995,WAUAH94F97N289910,38330
Saturn,VUE,2009,KL4CJCSB0EB539492,42961
Volkswagen,GTI,2001,4A37L2EF2AE906876,19986
Volvo,XC90,2012,1G6DJ8ED2B0895358,49168
Mazda,B-Series Plus,1992,3VWKX7AJ6BM443951,61317
Buick,Regal,1986,3GYFNGEY3AS930997,78941
Chevrolet,Uplander,2006,WAUDT74F25N870842,36874
Dodge,D250 Club,1993,JN8AF5MR6BT256349,27217
Mazda,Tribute,2002,WBAGL634X2D803219,68814
Ford,E-Series,2011,WP0CA2A87AS199435,11286
Chevrolet,Malibu,2003,JHMZE2H53ES159500,33525
Chevrolet,Express 3500,2005,5TDDCRFH3ES844984,34393
Pontiac,Montana,2000,SCFFDABE6CG369892,38361
Volvo,V40,2004,WAUMK98K29A532893,74826
Ford,LTD,1986,YV1902FH2B2743115,61329
Alfa Romeo,Spider,1994,1G6AL5SX0E0792129,35367
Subaru,B9 Tribeca,2007,JA32U1FU6DU934142,21216
Dodge,Ram 1500,2010,2G4GV5EV6B9710784,41358
Chevrolet,Express 1500,2001,SALVP2BG5FH505901,49286
Pontiac,Firebird Trans Am,1986,3VW467AT3CM885911,12196
Buick,Riviera,1987,1G6DH8EY8B0908936,33521
Lincoln,Town Car,2008,1FTSX2B59AE016269,52695
Chevrolet,Avalanche 2500,2003,WBXPA934X4W369212,72430
Ford,Five Hundred,2005,2T1BURHE6EC071959,17700
Honda,Prelude,1984,WBAUC9C57DV378049,51936
Ford,E150,2003,2T1BURHE6FC162246,32415
Mazda,Protege5,2003,JTHFN2EY3A9461341,33008
Volvo,S90,1998,2LMDJ6JK5FB511583,51671
Lincoln,LS,2000,3VW507AT1EM422433,34048
Toyota,Previa,1996,WAUKF78E96A448155,12023
Pontiac,Grand Prix,1985,1G6AJ1RX2F0085202,74895
BMW,Z4 M,2006,1N6AA0CJ4FN678121,36661
Toyota,Tacoma,2011,2FMHK6CC6AB455272,67478
Subaru,B9 Tribeca,2006,2B3CJ5DT2AH609262,67689
Mitsubishi,Outlander,2009,1G6AE5SX0E0263144,39701
Hyundai,Tiburon,2006,1G4HP52K234366304,40376
Ford,Explorer,2002,WAUKG78E35A747877,14001
Lexus,GS,2000,1G6DC67A880144162,14203
GMC,Savana 3500,2005,1G6DP8E34C0207464,63745
Pontiac,Grand Am,1991,5UXZW0C58C0943950,26794
Lotus,Exige,2008,1G6DL8EV0A0742785,58592
Ford,E350,2007,2C4RDGEGXCR788256,19120
Nissan,Titan,2009,3FA6P0SU5FR735416,78746
Chevrolet,HHR,2009,WAUGGAFR1EA657555,41285
Mazda,RX-7,1989,WBAKF9C50BE399028,14889
Hyundai,Tucson,2006,4A31K3DT4AE878293,36499
Oldsmobile,88,1995,3N1AB7AP9FL210128,20917
Mazda,MX-5,1999,WBAEV53484K073353,67369
Dodge,Ram 2500,1995,WA1UFAFL3FA485867,52738
Lotus,Exige,2004,3C6JD6DK5CG165167,50345
Toyota,MR2,1995,1C4RDJAGXFC074580,69479
Chevrolet,2500,1993,WBAYA6C54DC875688,15394
Mercedes-Benz,SL-Class,1992,1GYS4GEF2DR319883,27067
Ford,Escort,1993,WA1YL64B25N617963,68165
Pontiac,6000,1987,JN1AZ4EH4AM293382,41637
Mercedes-Benz,CLS-Class,2009,TRUTC28N741403155,55111
Acura,MDX,2011,2T1BURHE4FC073176,28238
Dodge,Grand Caravan,2010,WBAKN9C57ED748361,12848
Nissan,200SX,1997,3C6JD7BPXCG778809,16627
Ford,Thunderbird,1965,JN1AZ4FH8FM243347,56206
Mitsubishi,Eclipse,1994,4JGDF2EE0FA663955,77454
Ford,Contour,1995,3VW507AT1FM743356,35442
Ford,Transit Connect,2013,5LMJJ3J53CE777706,58917
Pontiac,Tempest,1967,WBAVA37528N989730,75322
Maybach,Landaulet,2012,JN8AZ2KR8DT127962,57415
Bentley,Azure T,2010,WBAVA37568N638545,29997
Pontiac,GTO,2004,3D73Y3HL8AG236968,48398
BMW,760,2006,WBAPH5G51AN683379,32630
Dodge,Dakota,1999,4A31K5DF0CE269002,40041
BMW,330,2006,WAUKF98P59A107613,17352
Toyota,Prius,2003,1FTWW3B53AE166713,71879
Toyota,4Runner,1995,WDDHF5KB2FB517008,60188
GMC,Sierra 2500,2011,JM1NC2LF3F0126693,40541
Dodge,D250 Club,1992,WBSBL93453J744770,23468
Mitsubishi,Galant,2010,WAUBNAFB1AN138706,43501
Porsche,Cayenne,2012,1C4PJLAK9CW690555,52050
Ford,Mustang,1972,SALVP2BG5FH899139,61058
Cadillac,Escalade EXT,2006,3GYFK66N34G010365,67020
Chrysler,300M,2001,WAUVFAFR2DA774294,28532
BMW,8 Series,1995,JH4DC54813C017770,72104
GMC,Sierra,2007,WP0AB2A97BS144773,54465
Toyota,Tacoma Xtra,1998,5TFCY5F13BX013046,29846
Ford,Explorer,1993,1B3CB5HA9BD094443,59997
Mercedes-Benz,190E,1993,1N4AL2AP9CN696017,32724
Isuzu,Impulse,1992,5J8TB1H57CA192644,29121
Audi,TT,2008,YV426MDB3F2136269,14196
Buick,Century,1986,1FTMF1E8XAF298847,37261
Dodge,Avenger,1998,1C3BCBEB0CN326138,12737
Mitsubishi,Eclipse,2012,WAUBG78E56A092218,72874
Ford,Expedition,2009,WAUBFAFLXEN316690,64233
Porsche,Boxster,1998,1FTNS1EW3AD357005,35033
Ford,Econoline E350,1995,5NPDH4AE7BH245900,60584
Oldsmobile,Aurora,1996,WBABN534X1J530085,32051
Honda,Civic,1997,JH4KA96562C401307,65128
Cadillac,Seville,1999,WAULT54B82N521080,43989
Kia,Optima,2004,1FTEW1C84AF723096,41013
Buick,Skylark,1995,SALSF2D40CA211142,63615
Lexus,SC,1994,WA1WGAFP4EA435938,77110
Hyundai,XG350,2004,SCFEBBBK4BG788450,63732
Toyota,4Runner,2012,3C6TD5LT9CG411411,67292
Lincoln,Navigator,2007,WAU4GAFB5AN956913,25059
Pontiac,Firefly,1994,WBAKG1C50BE364794,75346
Buick,Roadmaster,1996,19XFB2F50DE282804,32534
Land Rover,Range Rover Classic,1993,JM1NC2SF6F0419067,48382
Honda,Prelude,1995,1FTSX2B5XAE525903,53101
Maserati,Quattroporte,2005,JHMZF1C67ES845711,42067
Pontiac,Trans Sport,1991,WBALL5C56DE255489,39979
Hyundai,Sonata,2011,JTDKDTB37F1585426,28512
Alfa Romeo,164,1992,WAUEH98E96A418270,31381
GMC,Safari,1995,JHMZF1D60ES473160,73528
Toyota,Tacoma Xtra,2003,WBSDE93411B154754,27102
Hummer,H2,2003,WBADS43482G851763,61273
Suzuki,Daewoo Lacetti,2007,WAUCFAFH1EN091849,54869
Dodge,Ram Van 2500,2000,KMHTC6AD1DU017831,72676
Suzuki,Esteem,1995,JN1CV6EK3AM237123,20741
Nissan,Pathfinder,2010,WBADT53492C854889,27829
Isuzu,Trooper,1995,19UYA42481A951003,28510
Buick,LeSabre,2002,WBAGL83505D176829,21870
Plymouth,Colt Vista,1993,2G4WF551421642845,20897
Porsche,Cayenne,2004,SALAB2V67FA735559,16241
Suzuki,SX4,2007,TRUSC28N311770268,49648
Chrysler,LHS,1994,1N6AD0CW5EN102538,28214
Mazda,Tribute,2009,1FTWW3DYXAE173794,34275
Lincoln,Mark LT,2007,JHMGE8G35BS816982,57405
Ford,Thunderbird,1989,JH4KA96571C729169,21137
Maybach,57,2012,5TDDK3DC8FS597308,63143
Suzuki,Daewoo Lacetti,2004,WA1LMBFE8BD159449,67273
Chevrolet,Express 2500,2003,WP0CB2A86CS767061,16926
Toyota,Corolla,1998,TRUXD38J491059664,75530
Mitsubishi,Montero Sport,1997,5J6TF2H57EL695259,30994
Lexus,IS-F,2011,WAUBC48H76K387724,20620
GMC,1500,1996,WA1CMAFE3ED331045,28613
Ford,Probe,1990,2G4WF521541883398,52110
Dodge,Neon,2002,JH4DC231X1S084700,70083
Nissan,Maxima,1997,WAUZL64B41N260769,74119
Lexus,LX,1997,3N1CE2CP8EL251140,40348
Mazda,MPV,1995,3D73Y4CL0AG727659,76219
Chevrolet,1500,1994,WAUDG68E25A027487,45073
Acura,TL,2007,JTDZN3EU3D3762054,36388
Land Rover,Discovery Series II,2002,1GYS4HEF5BR629903,56717
Ford,F-Series,1985,WA1WKAFP2BA673085,11618
MINI,Cooper,2011,5N1AR1NB2BC986851,64333
Subaru,Outback Sport,2002,1N4AL2APXAC529903,46163
Honda,del Sol,1997,SCBZB25E91C058502,13323
Subaru,Impreza,2004,1N6AA0CJ3FN253067,62600
Land Rover,LR4,2012,WAUCFAFH3DN407167,55157
Lincoln,Town Car,2011,5FRYD4H6XEB736166,48916
Mitsubishi,Mighty Max,1993,WAUBF78K59N996172,72946
Ford,Mustang,1992,5NPEB4AC7CH216516,46143
Chevrolet,Express 1500,2003,WAUMGBFL1BA725756,19538
Dodge,D350 Club,1993,3VW4A7AT5DM602859,23828
Nissan,Sentra,2002,WBAYE8C52ED304356,28657
Acura,Legend,1989,WDDGF4HB9DF874513,34526
Mitsubishi,GTO,1991,JA32U2FU9DU229129,19169
Chevrolet,Suburban 2500,2000,KNAGM4AD2E5911143,30745
Hyundai,Tiburon,2005,KMHTC6AD6EU352553,20792
Buick,Skyhawk,1985,1FTEW1CM8EF092842,54332
Ford,Galaxie,1966,WA1WGAFP3EA366031,12576
Volkswagen,Eurovan,1997,WAUFFAFL2AA119158,48643
Ford,Escort,1988,WVGEF9BP1FD577474,79344
Lincoln,LS,2005,3C6TD5MT1CG160396,41833
Toyota,Camry,1998,WBANU53529B819847,73535
MINI,Cooper,2012,1G6DK5EV0A0696246,64552
Jeep,Grand Cherokee,1993,SCFFDAAE0AG657857,47522
Chevrolet,Impala,2004,WAUGVAFR2AA765201,52778
Pontiac,Fiero,1986,JTDJTUD37ED883893,73152
BMW,3 Series,2012,WBAKA4C50CC795975,11562
Infiniti,M,2007,JTEBU5JR3D5856923,75603
Lotus,Esprit,1999,4T3BA3BB0BU295525,51255
Buick,LeSabre,1990,WAUDF78EX8A540225,19019
Volkswagen,Type 2,1986,5NPDH4AE6EH581347,21784
Ford,E350,2011,WBABD53416P420551,47445
Mercury,Mariner,2005,1FTEX1C80AF376945,69249
Ford,Mustang,2005,2FMGK5B88EB120040,42092
Subaru,Impreza,2005,1C4NJPBA4DD318994,43226
Isuzu,Rodeo,1998,2FMDK4AC1AB203130,52053
Chrysler,Town & Country,2000,JN8AF5MR5BT760777,44079
Nissan,200SX,1995,JN1AJ0HP6AM684827,22913
Lexus,HS,2010,1G6DC5EG7A0679782,21696
Ferrari,612 Scaglietti,2009,2G4GN5EX1F9830886,16692
Scion,xD,2010,JH4CW2H67CC721627,23405
Jeep,Liberty,2005,1G6DM5E38C0680713,45908
Mercedes-Benz,300SE,1992,JTDKTUD33ED873205,41198
Oldsmobile,Ciera,1996,5GADX23L75D838705,50282
BMW,Z8,2001,WBA3N9C50EF042633,43595
Mazda,MX-6,1997,1N4AL3AP8DC018717,30253
Pontiac,LeMans,1990,WAUHF98P59A327375,28624
Pontiac,Fiero,1988,WAUDF78E48A360271,41872
Saab,9-2X,2006,WAUDFAFC1DN701742,38385
Chevrolet,Sportvan G10,1993,1G6DV57V790732210,41276
Isuzu,VehiCROSS,1999,WA1YD64B73N285075,23646
Pontiac,Grand Prix,1995,TRUUT28N411065892,70287
Nissan,Maxima,1997,JTHBE1KS1B0017499,72993
Buick,Rendezvous,2006,WAUAKAFBXBN867521,76203
Mazda,B-Series Plus,1998,2HNYD18734H192220,34889
Porsche,Cayman,2007,WBAWC33547P946451,43136
Aston Martin,Vantage,2008,JTMHY7AJ4B5244784,26937
Mazda,Tribute,2004,KMHFC4DF1BA132104,21720
Dodge,Ram Van B150,1993,WBABW33486P623788,41294
Chrysler,PT Cruiser,2003,19UUA75568A638241,75110
Nissan,Altima,2001,WBAYP9C50ED625957,13939
Ford,Explorer Sport Trac,2005,1FTEX1C80AF512720,78525
Ford,Explorer Sport,2003,WAUEFAFL2BA481021,75425
Volvo,XC70,2003,3VWAL7AJ9AM457428,65347
Chevrolet,Silverado 2500,2000,1FTWX3A56AE174805,48550
GMC,2500,1995,3N1AB6AP6CL952301,67370
Mitsubishi,Lancer,2011,WAUCFAFR6BA970291,76134
Mercedes-Benz,S-Class,1998,3N1AB6AP2AL234774,63930
Saturn,VUE,2003,1G6AF5S31D0799092,25632
Subaru,Legacy,2000,WDDLJ7DB0CA278710,27637
Toyota,Tacoma,2008,5NPEB4AC4CH280626,14888
GMC,Sierra 1500,2000,WAUSF78K99N144326,41311
Ferrari,F430,2006,JH4KB16687C043402,38025
Dodge,Dakota,1996,4T1BD1FK2EU770160,59154
Mercedes-Benz,S-Class,2010,3FAHP0CG2CR990716,59889
Maserati,Spyder,2005,WBA3V7C50EJ952574,58058
Chevrolet,Aveo,2011,1G4GF5G33DF565271,65076
Audi,Coupe Quattro,1991,WA1AY94L18D846111,23281
Mitsubishi,Pajero,2006,4T3BA3BB4DU931107,42688
BMW,7 Series,2011,2T1KE4EE6DC403837,67087
Suzuki,Samurai,1993,1G6DP8EV0A0236698,51107
Lincoln,Town Car,2004,1FTSW2B59AE292048,26576
Mercedes-Benz,E-Class,1991,3C63D3EL6CG779322,50339
Plymouth,Breeze,1998,WDDGF5EB4BR783154,77696
Mitsubishi,Chariot,1990,3D7TP2CT6AG674263,58059
Oldsmobile,Bravada,2000,WAUBFAFL7CA789340,61234
Volkswagen,GTI,2001,WAUNF98PX7A596570,30898
Dodge,D250,1993,JN1BV7AP4FM166864,51082
Lotus,Esprit,1985,1G6DX67D680323587,14627
Jeep,Grand Cherokee,2002,1N6AA0CA6CN622743,59762
Mitsubishi,Outlander,2007,1G4HR54K924973273,13420
Mazda,929,1992,WAUFFAFC1DN179297,68475
Lexus,SC,1996,WAUEG78E56A199816,47745
Volvo,S80,2003,1GYS4JEF3BR630443,51840
Dodge,Ram Van 2500,1995,WBA3R5C59FK653301,20345
Lexus,LS Hybrid,2011,JN1CV6FE5AM034999,17391
Smart,Fortwo,2011,1G6DK5EV3A0270082,21474
Chrysler,Pacifica,2006,WAULD64B42N009772,58641
Volkswagen,rio,2000,WDDHF7GB6EB722785,24570
Toyota,Previa,1994,1GKUCHE01AR571353,21093
Maybach,62,2006,3C63D3EL5CG797228,72876
BMW,5 Series,1998,1G6AG5RX7D0770332,53277
Audi,4000CS Quattro,1987,WAULD64B42N159395,66373
Mercedes-Benz,S-Class,1999,JH4CL969X8C343504,55004
Mazda,MPV,1992,WBAVC93577K594851,79228
BMW,550,2006,WAUKFAFL2BN032966,52896
Toyota,Avalon,1997,JTHBE5C2XC5653753,46738
Pontiac,LeMans,1968,1G4GD5ER6CF052799,30141
Plymouth,Prowler,1997,WA1CGAFEXCD639432,35896
Ford,Windstar,1999,ZFBCFAAHXEZ136518,22076
Pontiac,Grand Prix,1962,WBADR63491G522771,19640
Mercury,Cougar,1969,5N1AR2MMXDC439385,38257
Kia,Spectra,2003,1D7RB1GT4AS492745,12314
Chevrolet,Express 3500,2004,2GKALMEK1C6755445,62305
Pontiac,Grand Am,1991,JTEBU5JR1D5689199,57073
Pontiac,Montana,2004,WDCYC3HF9BX552203,76704
Ford,Focus,2004,5UXZV4C5XD0243617,76728
Maserati,GranSport,2005,1G6AJ5S39F0011239,55462
Dodge,Grand Caravan,2007,1FTEX1CM6BK714886,25106
Volkswagen,CC,2013,WP0AB2A9XBS870188,67825
Chevrolet,Colorado,2009,WAUAF98E56A742188,58750
Mercury,Marquis,1984,WAUMV94E39N039613,63451
Ford,Expedition EL,2009,1GD312CG4DF340183,79397
Ford,Taurus,2010,1GYS4BEF8DR551682,38378
Dodge,Grand Caravan,1993,WUATNAFGXCN060984,71244
Cadillac,CTS,2012,3D73Y3CL5BG661959,79075
GMC,1500,1998,1G6AE1R37F0055873,69404
Subaru,Legacy,2002,JM1GJ1T56F1271138,58656
Dodge,Stealth,1995,1N4AA5AP0EC898606,62826
Ford,LTD,1985,JTDKN3DU1A0082914,40403
Lincoln,Continental,1999,1G6KE57Y42U310346,31427
Dodge,Grand Caravan,2012,5N1BA0NE2FN616915,23722
Panoz,Esperante,2005,JTDKDTB31C1002621,61989
Chevrolet,Malibu,2008,5J8TB1H20CA874349,36015
Toyota,Tacoma Xtra,1995,KNADM4A31E6700584,27661
Subaru,Impreza,2007,1B3BD2FB6BN802254,61721
GMC,Savana,2009,WA1DKAFP5CA979738,40273
Subaru,Legacy,1998,WAUKH98E48A877888,71358
Volkswagen,Jetta,1987,1B3BD1FB5BN502196,61032
Buick,Century,1997,5N1AA0ND2EN584470,11062
Saturn,S-Series,2001,1C4RDJDGXDC329107,78072
Oldsmobile,88,1999,1FMCU5K39AK022129,16690
Jaguar,S-Type,2004,WAUBFAFL0AN293270,70987
Chevrolet,Blazer,2001,WAUSFAFL6BA745439,54316
Chrysler,300C,2005,4T1BD1EB4EU986657,55284
Toyota,FJ Cruiser,2007,1FADP5AU3EL750919,41131
Oldsmobile,88,1992,1G6DL1E30D0339559,62639
Infiniti,IPL G,2012,4T3BA3BB8EU940491,59125
Subaru,Justy,1993,1G4GF5G36FF051143,53583
Mitsubishi,Montero,2001,WP0AB2A98FS004088,78054
Dodge,Neon,1996,WBAVB17556N272592,31481
GMC,Jimmy,2001,1C4RDHDG0DC803588,74657
Ford,Contour,1998,JN8AZ1MU2CW912311,52496
Land Rover,Range Rover,2009,WBABD33436J246554,37182
Daewoo,Nubira,1999,WAUDGBFL3DA546184,31907
GMC,Vandura 1500,1992,3N1AB7APXFY016033,20918
Geo,Prizm,1994,1D4PT4GX9BW934564,70985
Isuzu,Rodeo,2000,1GYS3CKJ9FR288557,66775
Chevrolet,Beretta,1995,KNADH4A39A6436593,77707
Nissan,Quest,1994,WBALW7C55CD199214,69739
Chevrolet,Tahoe,2003,WAUXU64B22N599522,58909
Audi,A4,2006,SCFAD01E09G523396,10000
Mazda,B-Series Plus,1997,JTDJTUD3XED158644,22504
Porsche,911,2002,WA1KK98R39A506367,68390
Ford,GT500,2009,WBAKG1C55CJ279619,57641
Saab,9-5,1999,5UXFE83549L661221,36182
Pontiac,Sunfire,2001,1G6KH5E60BU596009,11630
Cadillac,STS-V,2006,JH4KB2F59BC131512,39561
Acura,Vigor,1992,WAUKF78E58A395330,60903
Eagle,Talon,1991,3N1BC1AP8AL109136,73987
Chevrolet,Malibu,2013,WAUFFBFL1DN770803,49637
Chrysler,Concorde,2002,1GKKRNED2BJ511668,62875
Mercury,Cougar,1968,1G6DN57U560606186,21371
Ford,Thunderbird,1967,WVGAV7AX5BW835887,76728
Hummer,H1,2001,1FTEX1CV6AF765031,16455
Dodge,Caravan,2007,WAUUFAFHXAN166482,71177
Mercury,Capri,1985,5N1AA0ND2FN552572,58447
Cadillac,Catera,2000,2T2BK1BA7EC878712,61267
Mercury,Cougar,1986,KM8JT3AC0AU266436,32462
Pontiac,Sunbird,1994,19VDE1F34FE713955,20228
Dodge,Dakota,1999,3VW1K7AJ8FM116676,53152
GMC,Sierra,2011,19UUA65625A284166,32674
Honda,Accord,2005,1YVHZ8BA1A5487625,50791
Chevrolet,Caprice,1983,WAUPEAFM1DA994185,79094
Lincoln,Town Car,2005,3VWF17AT7FM981505,10618
Suzuki,Reno,2005,WA1CGBFE9ED438730,37039
GMC,Sierra 1500,1999,NM0AE8F74F1542128,75619
Chevrolet,Tracker,2004,WAUML54BX3N485026,18132
Mercury,Sable,1987,1N6AD0CU5AC852932,68613
BMW,6 Series,2006,1G6DF5E52D0560449,64605
Cadillac,Escalade,2009,1G6KF57911U830671,55601
Mitsubishi,Challenger,2004,WBABV13494J521259,23194
Mitsubishi,Precis,1992,WAUEFAFL1CA408501,16649
Hyundai,Veracruz,2011,WAUFMAFC4FN818734,77583
Volkswagen,GTI,2002,WAUR2AFD2EN134145,58998
Lincoln,Continental Mark VII,1989,WA1WKAFP8CA091672,12595
Isuzu,Rodeo,1995,JH4CW2H50DC263261,43086
Lotus,Esprit,1986,WDDPK4HA5CF774085,60836
Mitsubishi,L300,1989,1G4GA5EC4BF697860,64049
Ford,Focus,2007,JN8AZ2KR4BT242278,71890
Honda,Fit,2007,4T1BK3DBXBU955833,31521
GMC,Sonoma Club Coupe,1998,1FA6P0G75F5309330,56774
Ford,E150,2006,SAJWJ0FF9F8500754,69202
Buick,LeSabre,1991,2G4GT5GV9C9087357,44653
Volkswagen,Golf,1997,WBAUL7C53CV066149,32939
Toyota,RAV4,2010,1G6DL1E30D0270470,57065
Mercedes-Benz,E-Class,1984,JTHFE2C21E2247851,74046
Mitsubishi,Mirage,1993,1G6DP8EV8A0037088,78657
Dodge,Nitro,2011,KL4CJHSB2EB858714,26938
Chevrolet,Blazer,2001,5GALVCED1AJ387246,18400
Subaru,Outback,2004,3D7TP2CT9BG889153,73594
Toyota,Camry,2007,SCFFBCBD3AG998547,72586
GMC,Rally Wagon 3500,1992,WVGAV7AX2FW393849,57817
Saturn,S-Series,1996,WP1AE2A27CL389185,30029
Chevrolet,Aveo,2007,WBA3B3C5XFF803742,54714
Honda,Civic,1998,1D4PT4GX4BW929756,66004
Infiniti,QX,1997,1G4GH5G32DF688490,65819
Buick,Skylark,1986,JTDKTUD34DD529574,25973
Audi,S4,2004,5J8TB3H39FL445532,57050
Ford,Freestar,2003,1D4PU5GK4BW665347,63174
Buick,LaCrosse,2011,SCFFDECN4CG184259,76255
Land Rover,Range Rover,1989,WBAKX6C53CC125556,62184
Isuzu,Trooper,1994,1FTWW3CYXAE551405,13558
Lincoln,MKX,2011,1G6DK5EV1A0790541,54895
Volkswagen,GTI,2007,5N1AA0NC3BN765709,38194
Acura,TL,2008,1G6KE57Y31U673560,52927
BMW,6 Series,2005,WBAYF4C58ED382307,60821
Chevrolet,Express 2500,2010,WA1CGBFE9CD620103,77324
Lincoln,LS,2005,1FTMF1C83AK603003,46962
Jeep,Commander,2009,YV140MAK8F1313013,52077
Lotus,Exige,2006,SCFFDCCD7CG031192,30780
Toyota,Camry Hybrid,2012,3GTU2YEJ5BG995255,35025
Mercedes-Benz,500SEL,1992,2G4GT5GV2C9295595,68688
Mazda,MX-6,1990,WAUDG78E76A957182,22583
Chevrolet,Corvette,2012,1G6DS8E37C0647810,19380
Infiniti,J,1993,3D7TT2CT7BG225123,46762
Toyota,Matrix,2009,5TDBW5G17FS364649,42836
Mercedes-Benz,G-Class,2009,5N1AN0NW8EN603920,34354
Acura,RDX,2008,1GYFC43519R269403,10574
Volkswagen,Jetta,2000,KMHHT6KD8AU513239,57790
GMC,Savana,2010,WAUPN94E38N378836,26574
Chevrolet,Venture,1998,JTHBE1D26F5241664,50090
Chevrolet,Blazer,1998,WAUVC68E95A981315,52405
Toyota,Celica,1982,1N4AL2AP1CN501396,12064
Pontiac,G6,2006,1C6RD6FP1CS178616,58679
GMC,Savana 3500,1999,1GT3C0BG2AF410943,30640
Mazda,Protege,2003,WUAAU34298N384660,79161
Suzuki,Swift,1999,1D7RW5GK8BS522026,49725
Lexus,ES,1999,2B3CK8CT8AH300119,12549
Chevrolet,SSR,2004,5NPDH4AE4DH774157,30396
GMC,Yukon,2008,WVWAB7AJ7CW947889,58421
Mercury,Cougar,1995,JHMFA3F27AS735578,53097
Plymouth,Neon,2001,1FAHP3FN3AW009203,24506
Volvo,XC70,2007,1G6DJ8EG1A0561962,11051
Mercedes-Benz,R-Class,2012,1GYS3HEF7CR587030,74018
Mercedes-Benz,SL65 AMG,2006,KMHEC4A45DA596479,36100
Volkswagen,Scirocco,1984,5J6TF3H55FL575080,25222
Audi,Q7,2007,5N1CR2MN5EC380457,53900
Volkswagen,Type 2,1991,KMHGC4DEXAU019714,33240
Mitsubishi,GTO,1993,3N1AB6AP1AL841930,16330
Scion,xD,2012,WBAKF3C59DJ776124,33020
Saab,9-3,2011,2G61N5S32F9386559,63022
Mitsubishi,Mirage,1985,5J8TB3H71GL439390,43223
Mercury,Tracer,1992,5N1AA0ND1EN072148,73774
Suzuki,Swift,1996,5TFCM5F11AX023357,37566
Mazda,MX-5,2011,2HNYB1H45CH562917,72727
Dodge,Charger,2012,5XXGM4A74FG484557,61360
Hyundai,XG350,2004,1GD22XEG2FZ527474,27474
Honda,Civic,1989,2C4RDGEG6DR602990,16557
Audi,S4,2006,WAUKG94F26N524539,50151
Nissan,Frontier,2002,WAUEH78E08A139989,48593
Dodge,Stratus,2003,19XFA1E30AE032391,48244
Ford,Crown Victoria,2011,3VW507AT4FM936133,35863
Ford,Taurus,2002,WA1CV94L57D087740,67838
Lexus,LX,2009,3GTU2YEJXDG511843,79789
Chevrolet,Express 1500,2001,5FRYD4H21GB525986,70439
Lexus,GS,1993,WAURGAFD7EN391061,35430
Chrysler,Sebring,2007,KL4CJESBXDB634586,15944
Hummer,H1,1995,1HGCP2E36AA977468,65020
Honda,S2000,2008,3VW507AT5FM177704,47054
Porsche,968,1992,WAUFEAFM2DA128748,52396
Mercury,Sable,2008,1FMJK1G56CE274129,54955
Suzuki,Daewoo Magnus,2006,1GYS3GEFXBR335796,68755
Lexus,IS,2002,WP0AA2A86AU806338,78975
Chevrolet,Corsica,1993,1G4GL5E37CF562352,71625
Maserati,GranTurismo,2010,WBALW7C59DD658746,26069
BMW,6 Series,2004,1GYFC53219R541282,15359
Volkswagen,Corrado,1991,WBAWL7C54AP653065,11590
Mazda,MX-5,2007,2C3CCACG4CH784402,38362
Chevrolet,Traverse,2009,1FTFW1E86AF615791,37374
Dodge,Ram Van 1500,1995,WDDGF5EB9BR423748,45271
Ford,Explorer,1994,WDDLJ6FBXFA678365,36209
Jaguar,XJ Series,2001,3FADP4AJ5EM715135,16525
GMC,1500 Club Coupe,1993,1G6ET12911B320306,23241
Mitsubishi,Pajero,1988,1GYFC26249R389363,16723
Mercedes-Benz,SLK-Class,2006,5N1AR2MM4DC914352,30933
Mercedes-Benz,R-Class,2006,WAUXU64B23N893715,41692
Mercedes-Benz,E-Class,2006,5UXKR2C50E0610911,60836
Volkswagen,New Beetle,2008,1G4GE5EVXAF929849,21203
Dodge,Viper,2006,WAUMGBFL2CA427685,76511
Lincoln,Navigator,2001,JN1CV6AP7BM516349,32986
Ford,Thunderbird,1993,WAUKFAFL2DA586695,73075
Chevrolet,Silverado 3500,2004,JM3TB2CV7F0704335,30509
Tesla,Model S,2012,WAUGL98E65A139851,15147
Kia,Optima,2004,WBA6B2C5XED996752,57236
Lincoln,Town Car,1997,1G4GF5E38CF272211,35288
Ford,Contour,1996,4A37L2EFXAE337193,24035
Volvo,850,1994,1N4AL2AP5BN224864,53046
Porsche,911,2000,4USCN53442L195655,71969
Toyota,Land Cruiser,2001,1GYS4AEF0CR063559,59245
Mazda,MPV,2000,2C3CCAGG2FH586173,32074
Chevrolet,Prizm,1998,4A31K2DF0CE882624,14755
Pontiac,Vibe,2005,WBAKX8C5XBC965344,14617
Dodge,Neon,2005,TRURD38J981629410,41094
Jaguar,XK Series,2003,JA32U2FU7FU543266,36711
Honda,Odyssey,2002,1GD220CG5CZ297404,36820
Honda,Insight,2004,YV440MBK6F1261155,22982
Chevrolet,Blazer,2000,WAUZL54B61N658866,14399
Chevrolet,G-Series 1500,1996,WBAFU9C51CD372418,41537
Ford,Bronco II,1988,1G6DE8EY9B0734531,64470
Mitsubishi,Endeavor,2005,1FTMF1EW5AF394142,73668
Kia,Rio,2004,1N6AF0LY2FN992378,73744
Pontiac,Vibe,2003,WBSBR93442P958126,77002
Toyota,Celica,1984,JH4DC53036S339123,59446
Mazda,GLC,1984,1FTWF3C56AE457351,59164
Ford,F-Series,2001,3GTXCYEJ4AG254104,47707
Honda,Odyssey,2008,4JGCB2FE8CA469255,29424
GMC,Sierra 3500,2000,1FBNE3BL0CD116278,24040
Toyota,T100 Xtra,1997,WAUBH78E96A745811,74969
Lamborghini,Gallardo,2005,SCBLC47J77C815365,50433
Cadillac,CTS-V,2011,JH4CU25689C761797,17693
Audi,Coupe Quattro,1990,2G4GK5EX4F9524712,65483
Alfa Romeo,Spider,1994,2C3CDXFG3EH634442,62174
Oldsmobile,Achieva,1992,1GKS2GEJ5DR814048,24432
Ford,Focus,2000,WAUML64B84N600326,24968
Dodge,Dakota,2006,YV1672MK2D2989257,45445
Chevrolet,S10 Blazer,1993,1D7RB1CTXBS548632,54832
Dodge,Dakota,2011,KM8JT3ACXAU093623,79104
Mitsubishi,Excel,1987,3C63DRGL8CG870687,35356
Toyota,Avalon,2005,JN8AE2KP6B9362980,60813
Lexus,LX,2006,WAUEH48H88K176856,79207
Pontiac,Firebird,1988,WAUUL78E58A395104,64288
Dodge,Ram Van 1500,1997,1FTWF3D51AE985099,13650
Mercedes-Benz,CLK-Class,2009,5GAKRBKDXDJ920861,77885
Mitsubishi,Eclipse,2003,WAUWFAFR2EA081327,42329
Mitsubishi,Tredia,1984,JH4CU2E69BC126612,67583
Mitsubishi,Eclipse,2001,3D73M3HL8BG941525,76098
Buick,LeSabre,1988,1NXBE4EE8AZ787842,63925
Honda,del Sol,1993,WA1AY74L57D403544,66859
Buick,Riviera,1996,WBA6B2C59DD044176,46272
Lexus,GS,2003,WAUEF78E67A370514,28802
Mercury,Capri,1984,VNKJTUD31FA304763,26006
Mitsubishi,Lancer Evolution,2002,JTEBU4BF1CK077969,34411
GMC,Savana 2500,2000,5FRYD3H45FB682270,64125
Mazda,B-Series Plus,2000,2C3CCAAG6CH543637,14002
Audi,5000S,1984,5UXZV4C58BL971142,27331
Ford,F350,1995,WBASN2C54CC856866,48406
Chevrolet,Silverado 1500,2005,WAUKG68E85A172010,78702
GMC,Savana 2500,2009,5FPYK1F62EB390694,44411
Ford,Laser,1986,WAUKF98E65A616439,74886
Nissan,NV3500,2012,WVGFF9BP4BD882787,41463
Suzuki,Swift,1987,5BZBF0AA5FN636181,43938
Infiniti,G37,2011,3D4PH6FV0AT428770,66169
Mazda,Mazda6,2003,JHMFA3F25AS070048,55723
Toyota,Camry,2008,KNAFU6A27C5699181,10383
Chrysler,Imperial,1993,YV1672MKXB2065274,44034
Subaru,Alcyone SVX,1994,4T1BF1FK8DU571526,29189
Dodge,Stealth,1992,WA1WMBFE6AD251526,47439
Saturn,L-Series,2000,3FA6P0PUXER758939,73223
Ford,Transit Connect,2013,4USCN33412L983863,78386
Chevrolet,Corvette,1972,WDCYC3HF2CX528987,54762
Volvo,S60,2001,WAUEF78E98A150267,65075
Chevrolet,Suburban 2500,2011,WBABV13435J461366,29276
Dodge,Ram 1500,1995,JN1AZ4EH1FM944412,40981
Alfa Romeo,164,1992,WAUDH48HX8K167913,69863
Maserati,Biturbo,1987,1G6AA1RX2F0157502,35488
Mercury,Grand Marquis,1998,KNAFU6A26C5046700,21752
Mercury,Topaz,1987,1G6DK5E31C0917855,71905
Hyundai,Azera,2009,JN1AY1AP7DM702848,58707
Austin,Mini,1963,19UYA42643A667758,53163
Cadillac,DeVille,1993,1G4GL5G38DF177526,28820
Oldsmobile,Cutlass,1999,WAUKD98P49A194152,22825
Acura,TL,2001,WA1LGAFE9CD131713,75617
Kia,Forte,2011,19UUA56742A103145,42074
BMW,7 Series,2008,WAUDV74F97N104216,50321
Subaru,Outback,2009,WBABN33492P483571,48761
Mitsubishi,Cordia,1985,WAUBF98E18A007506,27755
Toyota,Celica,1982,2C3CCAKT1CH434546,45349
Buick,Century,1998,JH4CL95947C465467,30048
Subaru,Brat,1987,JH4DC54873S318503,72736
Isuzu,Trooper,1996,1G6DF8E55D0916930,38139
Ford,F350,1995,KM8JT3AF1EU808028,55018
Toyota,Corolla,2007,SCBCR63W36C157294,51550
Audi,A8,2003,3VW467AT2DM486893,26422
Land Rover,Range Rover,2011,5FRYD3H41GB112333,44285
Audi,R8,2010,KNALW4D40F6105429,41325
Kia,Sportage,2011,1G6AH5R31E0314547,23139
Suzuki,XL-7,2007,1FA6P8AM4F5596527,57561
Saab,9000,1994,1G4HC5EM0AU936774,75423
Buick,LeSabre,1998,WVGAV3AX0EW009316,46681
Audi,S6,1995,WBXPA73444W778536,40698
Infiniti,QX56,2007,2HNYD28508H836816,73066
Buick,Century,2001,1GKS1EEF4DR114752,56729
Pontiac,Grand Am,2000,WBA3A5C5XFP235565,30252
Holden,VS Commodore,1997,WAUBFAFL7DN922785,19222
Land Rover,Discovery,2005,ZHWGU5BZ4DL879106,63748
Ford,Escort,1995,WVGEF9BPXFD900811,49054
Toyota,Land Cruiser,1993,WAUKD98P36A078341,39504
Chevrolet,3500,1999,5FPYK1F20CB107820,60427
Mitsubishi,Outlander,2011,1GKS1CKJXFR106154,60322
Ford,Explorer Sport Trac,2005,5J6TF3H34CL894917,17613
Toyota,Previa,1991,WA1WMAFE2DD943054,17867
Isuzu,Trooper,1997,WBAKX8C58CC844541,44174
Chevrolet,Tahoe,2010,WAUKFAFL3DN160071,33494
Pontiac,Montana,2006,JTDKDTB30D1649271,54957
Audi,R8,2010,3D73M4HL0BG226700,25011
Chevrolet,Silverado 3500,2001,5GAKRCKD1FJ991794,43425
Suzuki,SJ,1991,WAUWFAFH3BN461174,12091
Ford,Probe,1990,WBAWC7C59AE373928,73245
Toyota,Tacoma,2010,WBASN2C57DC194069,64371
Ford,Escort,1989,2C3CCAAG0FH655791,27728
Chevrolet,Corvette,2004,1C3CC5FB6AN470908,48614
Mazda,Miata MX-5,1995,WBA3D3C59EF724491,17486
Mercury,Marquis,1985,WAUSG74F99N144252,43424
Mercedes-Benz,SLR McLaren,2006,KMHTC6AD4FU820474,13356
Morgan,Aero 8,2009,3D7JV1EP8AG386509,61630
Pontiac,LeMans,1968,3LNDL2L33CR646630,11932
Lexus,RX,2008,1G6AB5RX2F0353654,62325
Jeep,Compass,2007,WAUGL78E85A838550,69628
Saturn,VUE,2004,JN1CV6FE9BM382709,43153
Mercedes-Benz,CLK-Class,2004,5NPDH4AE8BH164212,66037
BMW,760,2005,WAULT68E92A271222,77302
GMC,Suburban 2500,1993,1GKUCKE05AR933939,32444
BMW,525,2004,1G6DC1E3XC0126780,76912
GMC,Yukon,1997,WAUPFBFM7BA664633,13803
Daewoo,Leganza,2002,JH4CU4F66CC750640,54563
Lamborghini,Diablo,1999,1D7CE5GK4AS121919,73167
Jeep,Wrangler,2003,2D4RN1AG3BR932876,59520
GMC,Sierra 1500,2003,2HNYD28858H957528,22910
Suzuki,XL-7,2004,1G6AK5S39F0800620,55274
Mitsubishi,Eclipse,2006,5TDBK3EH1BS940732,73143
Volkswagen,Cabriolet,1986,WVWAA7AJ9CW453147,31235
Dodge,Nitro,2007,WBA3B3G58EN603568,61175
Mercedes-Benz,CL-Class,1999,KMHTC6AD5CU640853,70560
Ford,E-Series,1988,WUATNAFG3CN876015,30845
Hyundai,Elantra,2002,SALSF2D48AA550700,62241
Saab,9-3,2002,2HNYB1H65DH443784,24952
Buick,Riviera,1999,WAUKD78P77A146985,55325
Spyker,C8 Spyder,2004,2T3BF4DV9CW897582,40850
GMC,Yukon XL 2500,2007,1HGCR2F36EA907788,16061
Chevrolet,Camaro,1968,2FMGK5DC4AB027107,78784
Pontiac,Bonneville,2005,2HNYB1H65DH972698,51757
Chrysler,Sebring,1997,2G4WS52J121683207,15822
Hyundai,Accent,2010,19VDE3F77EE412268,13788
Lincoln,Mark VIII,1996,WAUMF78K59N430361,72785
Mazda,929,1988,SALFR2BG5EH158633,66697
Toyota,4Runner,1993,WBALL5C51EJ990700,53565
Dodge,Ram 2500,2002,1G6YV36A585871936,59368
Scion,xB,2008,3C4PDCDGXCT736043,33765
Suzuki,SJ,1991,JN1EY1AP6DM117504,42728
Acura,RL,2004,SALFR2BN9BH036643,16527
Lincoln,Continental,1985,1G6YV36A285875121,58968
Dodge,Dakota Club,2002,KNAGM4AD7D5797283,25067
Volvo,V50,2009,1C4AJWAG6DL800483,57838
Infiniti,G,1996,2HKRM3H3XFH060438,12113
Dodge,Dakota,1993,KMHFH4JG3EA882364,42170
Mercury,Mountaineer,2006,1G6YV36A175104423,36440
Mazda,RX-7,1990,1FTEW1C80AK092614,62989
Acura,MDX,2005,WBY2Z2C5XFV078068,29041
Hyundai,Tiburon,2009,WBALL5C52CE093908,61692
Pontiac,Grand Am,2004,WBAGL634X3D647538,11073
Subaru,Forester,2011,1VWAH7A30EC741802,47637
Chevrolet,Camaro,1971,5FRYD4H40GB536057,49161
Ford,F-Series,1989,19UYA42552A777143,55450
Ford,Ranger,1997,5J6TF1H3XBL504583,20655
BMW,550,2006,5BZAF0AA0EN903947,19501
Mercedes-Benz,CLK-Class,2004,1GD312CG3DF016125,63806
Toyota,Solara,2003,WDDUG7JB4EA853157,53484
Audi,S4,2007,WA1WGAFP8EA263395,21988
Tesla,Roadster,2010,WBADT63402C533152,70490
Pontiac,Gemini,1988,JN8AF5MR5BT376479,20442
Geo,Prizm,1997,1G6AB5R32F0924542,58011
Dodge,Ram 1500 Club,1995,JN8AZ2KR7AT765647,44811
Dodge,Caravan,1993,WBANE53526B322757,56390
Buick,Riviera,1986,1D4RD4GG8BC230914,56107
Volkswagen,Fox,1987,WAU4FAFR1DA279967,75236
Oldsmobile,Bravada,2004,TRUDD38J891460606,15440
Bentley,Brooklands,2009,WBSWD93598P008149,53489
Toyota,Sienna,1999,JN8AZ2KR9AT271032,13496
Mercedes-Benz,CL-Class,2004,1G6DL5EY7B0027254,29047
Mazda,B-Series,1996,1GYFC36209R264754,76781
Chevrolet,Corvette,1955,JH4CU2F66CC918362,43008
Nissan,Versa,2009,JN1AZ4EH9FM131285,51894
Dodge,Caliber,2011,5N1AR2MM8FC554036,64746
Toyota,Camry,2001,3GYFNEEY2BS130472,72046
Toyota,Xtra,1992,5NPE24AF3FH152814,54695
Ford,Focus,2013,JHMZF1C4XCS021178,20006
Volkswagen,Eurovan,1994,WAUHMBFC6EN706854,34984
Rolls-Royce,Phantom,2006,1FTEW1CM8CK751846,35700
Buick,Skylark,1985,KNAGM4AD1C5102486,61955
Toyota,MR2,2005,KMHGH4JH2CU673481,20696
Mitsubishi,Diamante,2002,JH4KB16658C846024,42339
Toyota,Camry,2007,5UXZW0C52D0153321,49701
Chevrolet,Equinox,2006,WA1AV74L67D654744,41552
Aptera,2e,2009,WDDHF5KB9EA713273,26124
Buick,LeSabre,1989,5FRYD4H6XEB799638,76851
Buick,Regal,2012,JN8AE2KP2D9782819,73958
Mitsubishi,Chariot,1986,SAJWA4DCXAM289256,28553
Mazda,626,1986,SCBGU3ZA9FC732671,16141
Mazda,Millenia,1996,WUARL48H78K491153,24274
Dodge,Stealth,1994,2G61S5S33E9940571,38624
GMC,2500 Club Coupe,1997,WBA3C1C51FP346203,35211
Oldsmobile,Aurora,1997,JN8AZ1MU5AW290624,11243
BMW,760,2003,3N1CN7AP0EK901858,32263
Nissan,Frontier,2010,JN1AZ4EH1DM673168,19040
Mercury,Sable,1988,5FRYD4H87FB866098,33706
Dodge,Ram Van B150,1993,WUARL48H17K179716,15071
Mercedes-Benz,CLK-Class,2005,WAUEFBFL3EA703771,37856
